{
	"credit": "Made with Blockbench",
	"texture_size": [32, 32],
	"textures": {
		"0": "block/hat",
		"particle": "block/hat"
	},
	"elements": [
		{
			"from": [3, 0, 3],
			"to": [13, 4, 13],
			"rotation": {"angle": 0, "axis": "y", "origin": [7, 0, 7]},
			"faces": {
				"north": {"uv": [5, 8, 10, 10], "texture": "#0"},
				"east": {"uv": [9, 0, 14, 2], "texture": "#0"},
				"south": {"uv": [9, 2, 14, 4], "texture": "#0"},
				"west": {"uv": [9, 4, 14, 6], "texture": "#0"},
				"up": {"uv": [5, 5, 0, 0], "texture": "#0"},
				"down": {"uv": [5, 5, 0, 10], "texture": "#0"}
			}
		},
		{
			"from": [4, 2.75, 4],
			"to": [12, 6.75, 12],
			"rotation": {"angle": 22.5, "axis": "x", "origin": [7, 3.75, 7]},
			"faces": {
				"north": {"uv": [9, 6, 13, 8], "texture": "#0"},
				"east": {"uv": [0, 10, 4, 12], "texture": "#0"},
				"south": {"uv": [4, 10, 8, 12], "texture": "#0"},
				"west": {"uv": [8, 10, 12, 12], "texture": "#0"},
				"up": {"uv": [9, 4, 5, 0], "texture": "#0"},
				"down": {"uv": [9, 4, 5, 8], "texture": "#0"}
			}
		},
		{
			"from": [5, 6.25, 7.25],
			"to": [11, 10.25, 12.25],
			"rotation": {"angle": 22.5, "axis": "x", "origin": [7, 7.25, 8.25]},
			"faces": {
				"north": {"uv": [10, 8, 13, 10], "texture": "#0"},
				"east": {"uv": [9, 12, 11.5, 14], "texture": "#0"},
				"south": {"uv": [6, 12, 9, 14], "texture": "#0"},
				"west": {"uv": [12, 10, 14.5, 12], "texture": "#0"},
				"up": {"uv": [3, 14.5, 0, 12], "texture": "#0"},
				"down": {"uv": [6, 12, 3, 14.5], "texture": "#0"}
			}
		},
		{
			"from": [6.5, 7, 12.25],
			"to": [9.5, 10, 15.25],
			"rotation": {"angle": 45, "axis": "x", "origin": [7.5, 8, 13.25]},
			"faces": {
				"north": {"uv": [11.5, 12, 13, 13.5], "texture": "#0"},
				"east": {"uv": [13, 6, 14.5, 7.5], "texture": "#0"},
				"south": {"uv": [13, 7.5, 14.5, 9], "texture": "#0"},
				"west": {"uv": [13, 12, 14.5, 13.5], "texture": "#0"},
				"up": {"uv": [13, 15, 11.5, 13.5], "texture": "#0"},
				"down": {"uv": [14.5, 13.5, 13, 15], "texture": "#0"}
			}
		}
	],
	"display": {
		"thirdperson_righthand": {
			"rotation": [37, 56, 0],
			"translation": [0, 3.75, 1.25],
			"scale": [0.45, 0.45, 0.45]
		},
		"thirdperson_lefthand": {
			"rotation": [37, 56, 0],
			"translation": [0, 3.75, 1.25],
			"scale": [0.45, 0.45, 0.45]
		},
		"firstperson_righthand": {
			"rotation": [0, 37, 0],
			"translation": [0, 4.75, 0],
			"scale": [0.52, 0.52, 0.52]
		},
		"firstperson_lefthand": {
			"rotation": [0, 37, 0],
			"translation": [0, 4.75, 0],
			"scale": [0.52, 0.52, 0.52]
		},
		"ground": {
			"translation": [0, 3.25, 0],
			"scale": [0.7, 0.7, 0.7]
		},
		"gui": {
			"rotation": [25, 142, 0],
			"translation": [0, 3.25, 0]
		},
		"head": {
			"rotation": [9, 0, 0],
			"translation": [0, 15.5, 2],
			"scale": [1.51, 1.51, 1.51]
		}
	}
}